cluster,n,m,modularity,connectivity,connectivity_normalized_log10(n),connectivity_normalized_log2(n),connectivity_normalized_sqrt(n)/5,conductance
0,6,6,0.20659722222222227,0.0,0.0,0.0,0.0,0.09090909090909091
1,5,5,0.20659722222222227,1.0,1.430676558073393,0.43067655807339306,2.2360679774997894,0.09090909090909091
Overall,11,12,0.41319444444444453,,,,,
